id	patient	days since infection	viral load	CD4+ count	templates approx	dilutions	F1	F2	F3	F4	F5	F6	F1_coverage	F2_coverage	F3_coverage	F4_coverage	F5_coverage	F6_coverage
p8_sample_1	p8	87	2900	460.0	193.3333333	1:10 (2/2)	ok	ok	ok	ok	ok	low	2052	1497	6186	553	410	58
p8_sample_2	p8	200	3900		260.0	1:100 (2/2)	ok	low	ok	ok	ok	ok	16991	426	17642	36590	2229	13776
p8_sample_3	p8	570	12400	1271.0	826.6666667	1:100 (2/2)	ok	ok	ok	ok	ok	ok	4076	3855	4720	3884	4005	2581
p8_sample_4	p8	1003	37900	535.0	2526.6666667	1:100 (2/2)	ok	ok	ok	ok	ok	ok	49527	69203	6303	83529	20873	42841
p8_sample_5	p8	1437	34200	335.0	2280.0	1:100 (2/2)	ok	ok	ok	ok	ok	ok	7728	8619	7097	12106	8489	5693
p8_sample_6	p8	1810	103000	430.0	6866.6666667	1:1000 (2/2)	ok	ok	low	low diversity	low diversity	ok	66214	43628	274	74928	12534	44308
p8_sample_7	p8	2208	530000	378.0	35333.3333333	1:10000 (1/2)	low diversity	ok	ok	low diversity	ok	ok	26201	90377	30745	293101	61872	13836
