id	patient	days since infection	viral load	CD4+ count	templates approx	dilutions	F1	F2	F3	F4	F5	F6	F1_coverage	F2_coverage	F3_coverage	F4_coverage	F5_coverage	F6_coverage
p5_sample_1	p5	134	49	521	3.2666667	1:10 (0/2)	miss	ok	ok	ok	ok	ok	0	1259	271	3946	1603	1029
p5_sample_2	p5	303	900	702	60.0	1:10 (2/2)	ok	ok	ok	ok	miss	ok	37820	2016	10669	9511	0	4560
p5_sample_3	p5	713	1400	430	93.3333333	1:10 (1/2)	ok	ok	ok	ok	low diversity	ok	15877	13284	25670	18400	4438	7467
p5_sample_4	p5	1057	8400	500	560.0	1:100 (2/2)	ok	ok	ok	ok	ok	ok	68800	55016	77592	83541	23015	45472
p5_sample_5	p5	1414	2600	382	173.3333333	1:10 (2/2)	ok	ok	ok	ok	ok	ok	21475	69054	1393	88600	32305	44546
p5_sample_6	p5	1813	10700	333	713.3333333	1:100 (1/2)	low diversity	ok	ok	ok	ok	ok	17793	9298	8564	21739	9721	20178
p5_sample_7	p5	2149	8770	228	584.6666667	1:100 (1/2)	low diversity	ok	ok	ok	ok	ok	19759	10773	14516	36435	8961	34167
