id	patient	days since infection	viral load	CD4+ count	templates approx	dilutions	F1	F2	F3	F4	F5	F6	F1_coverage	F2_coverage	F3_coverage	F4_coverage	F5_coverage	F6_coverage
p11_sample_1	p11	209	12700	850	846.66666667	1:100 (2/2)	ok	ok	ok	ok	ok	ok	29449	33593	36474	6152	1350	2923
p11_sample_2	p11	332	18100	845	1206.66666667	1:100 (1/2)	ok	ok	ok	ok	ok	ok	3019	45706	4249	6252	2143	2591
p11_sample_3	p11	572	28000	690	1866.66666667	1:10 (1/2)	ok	ok	ok	ok	ok	ok	12631	13960	20707	14816	4037	3204
p11_sample_4	p11	1026	13000	566	866.66666667	1:100 (2/2)	ok	ok	ok	ok	ok	ok	20495	21346	8781	23706	12143	14227
p11_sample_5	p11	1396	63000	663	4200.0	1:100 (2/2)	ok	ok	ok	ok	ok	ok	82719	49873	10354	113404	4980	63005
p11_sample_6	p11	1750	476000	423	31733.333333	1:1000 (1/2)	ok	ok	ok	ok	miss	ok	27296	33885	20511	24230	0	31280
p11_sample_7	p11	2043	28000	251	1866.66666667	1:1000 (2/2)	ok	ok	ok	ok	ok	ok	16072	20203	18913	10944	8538	12793
