id	patient	days since infection	viral load	CD4+ count	templates approx	dilutions	F1	F2	F3	F4	F5	F6	F1_coverage	F2_coverage	F3_coverage	F4_coverage	F5_coverage	F6_coverage
p6_sample_1	p6	46	6800	480	453.3333333	1:100 (1/2)	ok	ok	ok	ok	ok	ok	9723	18910	8547	79772	1561	59292
p6_sample_2	p6	102	2900	440	193.3333333	1:100 (2/2)	ok	ok	ok	ok	ok	ok	832	23994	1059	42163	3714	20988
p6_sample_3	p6	958	100	590	6.6666667	1:10 (1/2)	end lower	ok	ok	ok	miss	ok	711	11063	235	21898	0	3979
p6_sample_4	p6	1277	2600	630	173.3333333	1:10 (1/2)	ok	ok	ok	ok	ok	ok	39259	68597	2162	125614	8589	31272
p6_sample_5	p6	1708	700	550	46.6666667	1:10 (1/2)	ok	ok	ok	ok	miss	ok	63782	60255	836	205178	0	9276
p6_sample_6	p6	2162	3280	418	218.6666667	1:100 (1/2)	ok	ok	ok	ok	ok	ok	26518	108660	113223	231201	17005	182576
p6_sample_7	p6	2540	34700	287	2313.3333333	1:100 (2/2)	ok	ok	ok	ok	ok	ok	91215	91387	23870	110004	18682	88489
