id	patient	days since infection	viral load	CD4+ count	templates approx	dilutions	F1	F2	F3	F4	F5	F6	F1_coverage	F2_coverage	F3_coverage	F4_coverage	F5_coverage	F6_coverage
p9_sample_1	p9	106	2300	720.0	153.3333333	1:10 (2/2)	ok	ok	ok	ok	ok	ok	32359	22032	41521	10420	325	2438
p9_sample_2	p9	227	2000		133.3333333	1:10 (2/2)	ok	ok	ok	ok	low diversity	ok	29556	39163	918	41600	3551	6298
p9_sample_3	p9	813	1000	870.0	66.6666667	1:10 (0/2)	ok	ok	ok	ok	low diversity	ok	6094	3263	11970	20138	3365	2370
p9_sample_4	p9	1193	1100	1000.0	73.3333333	1:10 (2/2)	ok	ok	ok	miss	miss	ok	1970	1895	6350	24134	0	624
p9_sample_5	p9	1815	3900	1094.0	260.0	1:10 (2/2)	ok	ok	ok	ok	low diversity	ok	37909	35605	69737	56606	4901	10109
p9_sample_6	p9	2214	120000	1150.0	8000.0	1:100 (1/2)	ok	ok	ok	ok	ok	ok	130459	58255	6212	156862	11393	41574
p9_sample_7	p9	2608	28800	669.0	1920.0	1:1000 (1/2)	ok	ok	ok	ok	miss	ok	139743	49422	5233	65522	0	66369
p9_sample_8	p9	2955	35000	158.0	2333.3333333	1:100 (2/2)	ok	ok	ok	ok	ok	ok	19907	19306	15360	18657	2016	19127
